{"cameraMode":{"drawMode":0,"name":"Shaded","section":"Shading Mode"},"sceneLighting":false,"audioPlay":false,"sceneViewState":{"m_AlwaysRefresh":false,"showFog":true,"showSkybox":false,"showFlares":true,"showImageEffects":true,"showParticleSystems":true,"showVisualEffectGraphs":true,"m_FxEnabled":true},"in2DMode":false,"pivot":{"x":-0.11056344956159592,"y":-0.4111570119857788,"z":-0.09644854068756104},"rotation":{"x":0.4276565611362457,"y":-1.6792888857253275e-8,"z":-1.5752577908756394e-8,"w":0.9039420485496521},"size":0.7974681854248047,"orthographic":false}