{"cameraMode":{"drawMode":0,"name":"Shaded","section":"Shading Mode"},"sceneLighting":false,"audioPlay":false,"sceneViewState":{"m_AlwaysRefresh":false,"showFog":true,"showSkybox":false,"showFlares":true,"showImageEffects":true,"showParticleSystems":true,"showVisualEffectGraphs":true,"m_FxEnabled":true},"in2DMode":false,"pivot":{"x":-0.030023567378520967,"y":-0.014249444007873536,"z":0.22755217552185059},"rotation":{"x":0.24425238370895387,"y":0.03344716876745224,"z":-0.00843008328229189,"w":0.9690993428230286},"size":0.9433159828186035,"orthographic":false}