{"cameraMode":{"drawMode":0,"name":"Shaded","section":"Shading Mode"},"sceneLighting":true,"audioPlay":false,"sceneViewState":{"m_AlwaysRefresh":false,"showFog":true,"showSkybox":true,"showFlares":true,"showImageEffects":true,"showParticleSystems":true,"showVisualEffectGraphs":true,"m_FxEnabled":true},"in2DMode":false,"pivot":{"x":-6.616427421569824,"y":0.6142339706420898,"z":11.665911674499512},"rotation":{"x":-0.22283098101615907,"y":0.04911031574010849,"z":-0.011225140653550625,"w":-0.9735845327377319},"size":3.9832584857940676,"orthographic":false}