{"cameraMode":{"drawMode":0,"name":"Shaded","section":"Shading Mode"},"sceneLighting":true,"audioPlay":false,"sceneViewState":{"m_AlwaysRefresh":false,"showFog":true,"showSkybox":true,"showFlares":true,"showImageEffects":true,"showParticleSystems":true,"showVisualEffectGraphs":true,"m_FxEnabled":true},"in2DMode":false,"pivot":{"x":-0.7037932872772217,"y":3.4626216888427736,"z":-4.087275505065918},"rotation":{"x":0.4989840090274811,"y":0.09451466053724289,"z":-0.054858095943927768,"w":0.8596941232681274},"size":83.2166976928711,"orthographic":true}