{"cameraMode":{"drawMode":0,"name":"Shaded","section":"Shading Mode"},"sceneLighting":false,"audioPlay":false,"sceneViewState":{"m_AlwaysRefresh":false,"showFog":true,"showSkybox":false,"showFlares":true,"showImageEffects":true,"showParticleSystems":true,"showVisualEffectGraphs":true,"m_FxEnabled":true},"in2DMode":false,"pivot":{"x":-0.38564303517341616,"y":0.48002704977989199,"z":0.41875582933425906},"rotation":{"x":-0.05944836512207985,"y":-0.888998806476593,"z":0.12074819207191467,"w":-0.4376929700374603},"size":1.0010987520217896,"orthographic":true}