{"cameraMode":{"drawMode":0,"name":"Shaded","section":"Shading Mode"},"sceneLighting":false,"audioPlay":false,"sceneViewState":{"m_AlwaysRefresh":false,"showFog":true,"showSkybox":false,"showFlares":true,"showImageEffects":true,"showParticleSystems":true,"showVisualEffectGraphs":true,"m_FxEnabled":true},"in2DMode":false,"pivot":{"x":3.17108154296875,"y":1.6427581310272217,"z":2.5168895721435549},"rotation":{"x":0.06887861341238022,"y":-0.04338406026363373,"z":0.0029966342262923719,"w":0.996692419052124},"size":3.412445306777954,"orthographic":false}