{"cameraMode":{"drawMode":0,"name":"Shaded","section":"Shading Mode"},"sceneLighting":false,"audioPlay":false,"sceneViewState":{"m_AlwaysRefresh":false,"showFog":true,"showSkybox":false,"showFlares":true,"showImageEffects":true,"showParticleSystems":true,"showVisualEffectGraphs":true,"m_FxEnabled":true},"in2DMode":false,"pivot":{"x":22.73358154296875,"y":-1.2309476137161255,"z":37.74641036987305},"rotation":{"x":0.08347663283348084,"y":0.09997846931219101,"z":-0.008419944904744625,"w":0.9914543032646179},"size":20.169103622436525,"orthographic":false}