{"cameraMode":{"drawMode":0,"name":"Shaded","section":"Shading Mode"},"sceneLighting":false,"audioPlay":false,"sceneViewState":{"m_AlwaysRefresh":false,"showFog":true,"showSkybox":false,"showFlares":true,"showImageEffects":true,"showParticleSystems":true,"showVisualEffectGraphs":true,"m_FxEnabled":true},"in2DMode":false,"pivot":{"x":19.08329200744629,"y":1.439023733139038,"z":39.34290313720703},"rotation":{"x":0.02789474092423916,"y":0.20397600531578065,"z":-0.005816161632537842,"w":0.9785692095756531},"size":28.098730087280275,"orthographic":false}